ID,Sex,CrossDirection,rs6268443,rs3712541,rs3676545
152-1,F,A,AB,AB,AA
152-10,M,A,AB,AA,AB
152-11,M,A,AB,AA,AB
152-12,M,A,AA,AA,AA
152-13,F,A,AB,AA,AA
152-14,F,A,AB,AA,AA
152-15,F,A,AA,AB,AB
152-16,M,A,AA,AB,AB
152-17,F,A,AA,AA,AA
152-18,F,A,AA,AA,AA
152-19,M,A,AB,AB,AA
152-2,F,A,AA,AA,AB
152-20,M,A,AB,AA,AA
152-21,F,A,AA,AA,AA
152-22,F,A,AB,AA,AB
152-23,F,A,AB,AB,AA
152-24,M,A,AA,AA,AA
152-25,F,A,AB,AB,AA
152-27,M,A,AA,AB,AB
152-28,M,A,AA,AB,AA
152-29,M,A,AA,AA,AA
152-3,M,A,AA,AA,AA
152-30,M,A,AA,AA,AB
152-31,F,A,AB,AB,AB
152-33,F,A,AA,AB,AA
152-34,M,A,AB,AA,AB
152-35,F,A,AB,AB,AB
152-36,F,A,AA,AA,AB
152-37,F,A,AB,AA,AA
152-38,M,A,AA,AB,AA
152-39,M,A,AB,AA,AB
152-4,F,A,AA,AA,AB
152-40,M,A,AA,AA,AA
152-41,F,A,AA,AB,AB
152-42,F,A,AA,AA,AA
152-43,M,A,AA,AA,AA
152-44,M,A,AB,AB,AA
152-45,F,A,AA,AA,AA
152-46,M,A,AB,AB,AB
152-47,F,A,AB,AA,AB
152-48,M,A,AB,AB,AA
152-49,F,A,AB,AB,AA
152-5,M,A,AB,AA,AB
152-50,M,A,AA,AA,AB
152-51,M,A,AA,AA,AB
152-52,M,A,AA,AA,AA
152-6,M,A,AB,AA,AB
152-7,F,A,AA,AB,AB
152-8,M,A,AB,AB,AB
152-9,F,A,AA,AB,AB
155-1,F,A,AA,AB,AB
155-10,M,A,AA,AB,AA
155-11,F,A,AA,AB,AA
155-12,M,A,AB,AB,AB
155-13,M,A,AB,AA,AB
155-14,M,A,AB,AA,AB
155-15,M,A,AA,AA,AB
155-16,M,A,AB,AB,AA
155-17,F,A,AA,AA,AA
155-19,M,A,AA,AA,AA
155-2,M,A,AB,AB,AB
155-20,M,A,AB,AA,AA
155-22,F,A,AA,AA,AA
155-23,M,A,AA,AB,AB
155-25,M,A,AB,AB,AA
155-26,M,A,AA,AB,AB
155-27,F,A,AA,AB,AA
155-29,M,A,AA,AB,AA
155-3,M,A,AB,AB,AA
155-30,M,A,AB,AB,AB
155-31,F,A,AA,AA,AB
155-32,M,A,AA,AA,AA
155-33,M,A,AB,AB,AB
155-34,F,A,AB,AB,AB
155-35,M,A,AB,AA,AB
155-36,M,A,AA,AB,AB
155-37,M,A,AA,AA,AA
155-38,M,A,AA,AB,AB
155-4,M,A,AB,AB,AB
155-5,M,A,AB,AB,AA
155-6,M,A,AB,AA,AB
155-7,M,A,AA,AA,AA
155-8,F,A,AA,AA,AA
155-9,F,A,AB,AB,AA
156-1,F,A,AA,AA,AB
156-10,F,A,AA,AB,AA
156-11,M,A,AB,AB,AA
156-12,F,A,AA,AB,AB
156-13,M,A,AA,AB,AB
156-14,M,A,AB,AB,AA
156-15,F,A,AA,AA,AB
156-16,M,A,AB,AA,AB
156-17,F,A,AA,AA,AA
156-18,M,A,AB,AB,AA
156-19,F,A,AA,AA,AA
156-20,F,A,AB,AA,AA
156-21,F,A,AB,AB,AA
156-22,M,A,AA,AA,AA
156-23,M,A,AB,AB,AA
156-24,M,A,AA,AA,AA
156-25,F,A,AB,AB,AA
156-26,M,A,AB,AA,AA
156-27,M,A,AA,AB,AB
156-3,F,A,AB,AB,AB
156-4,F,A,AB,AB,AA
156-5,F,A,AB,AB,AA
156-6,M,A,AA,AB,AA
156-7,M,A,AA,AA,AB
156-9,M,A,AA,AA,AA
157-1,F,A,AB,AA,AB
157-10,F,A,AB,AB,AB
157-11,F,A,AB,AB,AA
157-12,F,A,AB,AA,AB
157-13,M,A,AB,AA,AB
157-14,M,A,AB,AA,AA
157-15,M,A,AA,AA,AB
157-17,M,A,AB,AB,AB
157-19,F,A,AB,AA,AA
157-2,M,A,AA,AA,AB
157-21,M,A,AB,AB,AA
157-24,F,A,AB,AA,AB
157-25,M,A,AA,AB,AB
157-26,F,A,AB,AA,AB
157-27,F,A,AA,AB,AA
157-28,M,A,AB,AB,AB
157-29,F,A,AB,AB,AB
157-3,M,A,AA,AB,AB
157-30,F,A,AA,AA,AB
157-31,F,A,AA,AA,AB
157-32,F,A,AA,AA,AA
157-33,M,A,AA,AA,AA
157-34,M,A,AB,AA,AA
157-35,M,A,AA,AB,AA
157-36,F,A,AB,AA,AB
157-37,M,A,AA,AA,AA
157-38,M,A,AA,AA,AB
157-4,F,A,AA,AB,AA
157-5,F,A,AB,AB,AB
157-6,F,A,AB,AB,AB
157-7,M,A,AB,AA,AB
157-8,M,A,AA,AB,AB
157-9,M,A,AA,AA,AA
158-1,M,A,AA,AB,AA
158-11,F,A,AB,AB,AB
158-12,F,A,AA,AA,AA
158-13,F,A,AA,AB,AB
158-14,M,A,AB,AA,AA
158-15,M,A,AA,AB,AA
158-16,M,A,AA,AB,AA
158-17,M,A,AA,AB,AB
158-18,F,A,AA,AA,AA
158-19,M,A,AB,AA,AB
158-2,F,A,AB,AB,AA
158-20,F,A,AB,AA,AA
158-21,F,A,AB,AB,AA
158-23,F,A,AB,AB,AA
158-24,M,A,AB,AA,AB
158-25,M,A,AB,AA,AB
158-26,M,A,AB,AB,AB
158-27,F,A,AA,AA,AB
158-28,M,A,AB,AB,AA
158-29,M,A,AA,AB,AA
158-3,M,A,AB,AB,AA
158-30,F,A,AB,AB,AA
158-31,M,A,AB,AA,AA
158-32,M,A,AB,AA,AB
158-33,M,A,AA,AA,AB
158-34,F,A,AB,AB,AB
158-35,F,A,AA,AA,AB
158-36,F,A,AB,AA,AA
158-38,F,A,AA,AA,AB
158-39,M,A,AA,AA,AB
158-4,F,A,AA,AB,AB
158-40,M,A,AA,AB,AA
158-41,F,A,AA,AB,AB
158-42,M,A,AA,AB,AA
158-43,F,A,AA,AB,AB
158-44,F,A,AB,AA,AA
158-45,M,A,AA,AA,AA
158-46,F,A,AA,AA,AA
158-48,F,A,AA,AA,AA
158-49,M,A,AB,AA,AA
158-50,F,A,AA,AA,AB
158-51,F,A,AA,AA,AB
158-52,M,A,AB,AB,AA
158-53,F,A,AA,AA,AA
158-54,F,A,AB,AB,AB
158-55,M,A,AB,AA,AA
158-56,M,A,AB,AA,AA
158-57,M,A,AA,AB,AB
158-58,F,A,AA,AA,AA
158-6,F,A,AA,AB,AA
158-7,M,A,AB,AB,AA
158-8,M,A,AB,AA,AB
158-9,F,A,AB,AB,AA
159-11,M,A,AB,AA,AB
159-12,F,A,AB,AA,AB
159-13,F,A,AA,AB,AB
159-14,F,A,AB,AB,AB
159-15,F,A,AB,AB,AA
159-16,M,A,AA,AA,AB
159-17,F,A,AB,AA,AA
159-18,F,A,AB,AA,AA
159-19,F,A,AA,AB,AB
159-2,F,A,AA,AB,AB
159-20,M,A,AB,AA,AB
159-21,F,A,AB,AA,AA
159-22,M,A,AB,AB,AB
159-23,M,A,AA,AB,AA
159-24,F,A,AA,AA,AA
159-25,F,A,AA,AA,AA
159-27,F,A,AA,AA,AA
159-28,F,A,AA,AB,AA
159-29,M,A,AB,AB,AA
159-3,F,A,AA,AB,AB
159-30,F,A,AB,AB,AA
159-31,M,A,AB,AA,AB
159-32,F,A,AB,AB,AB
159-33,F,A,AA,AB,AB
159-34,M,A,AB,AB,AA
159-35,F,A,AB,AA,AA
159-36,M,A,AA,AB,AA
159-37,M,A,AB,AB,AA
159-4,F,A,AB,AA,AB
159-5,M,A,AA,AA,AA
159-6,M,A,AA,AB,AB
159-7,M,A,AB,AB,AB
159-9,F,A,AA,AB,AA
160-1,F,A,AA,AA,AB
160-10,F,A,AA,AB,AB
160-12,M,A,AA,AA,AA
160-13,M,A,AB,AA,AB
160-14,M,A,AB,AA,AB
160-15,M,A,AA,AB,AB
160-2,M,A,AB,AB,AA
160-23,F,A,AA,AB,AA
160-24,F,A,AA,AA,AB
160-26,M,A,AA,AB,AA
160-27,M,A,AB,AB,AA
160-28,M,A,AB,AA,AB
160-29,F,A,AA,AB,AB
160-3,M,A,AA,AB,AA
160-30,M,A,AB,AB,AA
160-32,M,A,AA,AB,AA
160-33,F,A,AB,AB,AB
160-34,F,A,AB,AA,AB
160-35,M,A,AB,AB,AA
160-36,F,A,AB,AB,AA
160-37,F,A,AA,AB,AA
160-38,M,A,AB,AA,AA
160-4,M,A,AA,AB,AB
160-40,M,A,AB,AA,AA
160-41,M,A,AB,AA,AA
160-42,F,A,AB,AB,AB
160-43,M,A,AA,AB,AA
160-44,F,A,AA,AB,AA
160-45,M,A,AA,AA,AA
160-46,M,A,AA,AA,AA
160-47,F,A,AA,AA,AA
160-48,F,A,AA,AA,AB
160-49,M,A,AB,AA,AA
160-5,F,A,AA,AA,AB
160-50,F,A,AB,AB,AB
160-51,F,A,AA,AA,AA
160-52,M,A,AB,AA,AB
160-53,F,A,AA,AA,AA
160-6,M,A,AB,AB,AA
160-7,F,A,AB,AA,AB
160-8,F,A,AB,AA,AA
160-9,F,A,AB,AA,AA
801-1,F,B,AA,AB,AA
801-25,F,B,AA,AB,AB
801-26,M,B,AA,AA,AB
801-27,F,B,AA,AB,AA
801-29,M,B,AA,AB,AB
801-30,M,B,AB,AA,AB
801-4,M,B,AA,AB,AA
801-5,M,B,AB,AB,AA
801-6,M,B,AA,AA,AB
801-7,F,B,AB,AA,AB
802-1,M,B,AA,AA,AB
802-10,M,B,AA,AA,AA
802-11,F,B,AB,AA,AA
802-12,M,B,AB,AA,AB
802-13,F,B,AB,AA,AA
802-14,M,B,AB,AA,AB
802-16,M,B,AA,AB,AB
802-17,M,B,AB,AB,AB
802-18,F,B,AA,AA,AB
802-19,F,B,AA,AB,AA
802-2,M,B,AB,AA,AB
802-20,F,B,AB,AA,AA
802-21,M,B,AB,AA,AB
802-22,F,B,AA,AA,AB
802-23,F,B,AA,AA,AB
802-26,F,B,AA,AB,AB
802-27,M,B,AB,AA,AA
802-28,F,B,AB,AB,AA
802-29,F,B,AA,AA,AA
802-3,M,B,AB,AB,AA
802-30,F,B,AB,AA,AA
802-31,F,B,AA,AB,AB
802-32,M,B,AA,AB,AA
802-33,F,B,AB,AB,AA
802-34,F,B,AB,AB,AA
802-35,F,B,AA,AA,AB
802-36,M,B,AA,AA,AB
802-37,F,B,AA,AB,AA
802-38,F,B,AA,AA,AA
802-39,F,B,AB,AB,AB
802-4,M,B,AB,AB,AB
802-5,M,B,AB,AB,AB
802-6,F,B,AB,AA,AA
802-7,F,B,AB,AB,AB
802-8,F,B,AB,AB,AB
802-9,M,B,AB,AA,AB
803-11,M,B,AB,AA,AB
803-12,F,B,AA,AA,AB
803-13,F,B,AA,AA,AB
803-14,M,B,AA,AA,AA
803-15,F,B,AA,AB,AA
803-16,M,B,AB,AB,AB
803-17,F,B,AA,AA,AB
803-18,F,B,AB,AB,AA
803-19,M,B,AA,AA,AA
803-3,M,B,AB,AB,AB
803-6,M,B,AB,AA,AB
803-8,M,B,AB,AA,AA
804-1,F,B,AB,AB,AA
804-2,M,B,AB,AB,AA
805-10,M,B,AA,AB,AA
805-11,F,B,AA,AB,AA
805-12,F,B,AB,AA,AB
805-2,M,B,AA,AB,AB
805-3,F,B,AB,AA,AA
805-4,M,B,AB,AB,AB
805-6,M,B,AA,AB,AB
805-7,M,B,AA,AA,AA
805-8,F,B,AA,AA,AA
805-9,F,B,AA,AA,AA
806-1,F,B,AB,AB,AB
806-10,M,B,AA,AA,AB
806-11,M,B,AA,AA,AA
806-14,F,B,AB,AA,AA
806-15,F,B,AA,AB,AB
806-16,M,B,AA,AA,AA
806-17,F,B,AB,AA,AB
806-18,F,B,AB,AB,AB
806-19,F,B,AB,AA,AA
806-2,F,B,AA,AB,AB
806-20,M,B,AA,AB,AB
806-21,M,B,AA,AB,AA
806-22,F,B,AB,AB,AB
806-23,F,B,AB,AB,AA
806-24,F,B,AB,AA,AA
806-25,F,B,AA,AA,AA
806-26,F,B,AA,AA,AB
806-27,M,B,AA,AA,AB
806-28,F,B,AA,AB,AB
806-29,F,B,AB,AB,AB
806-3,F,B,AA,AB,AB
806-30,M,B,AA,AB,AA
806-31,M,B,AB,AA,AA
806-5,F,B,AB,AB,AA
806-6,M,B,AB,AA,AA
806-7,F,B,AA,AA,AA
806-8,M,B,AA,AB,AB
807-1,F,B,AB,AA,AA
807-10,F,B,AA,AA,AA
807-11,M,B,AB,AA,AA
807-12,M,B,AB,AA,AB
807-13,M,B,AA,AB,AB
807-14,F,B,AA,AB,AB
807-15,M,B,AB,AB,AB
807-16,F,B,AA,AA,AA
807-17,M,B,AB,AA,AB
807-18,F,B,AA,AB,AB
807-19,F,B,AA,AB,AB
807-2,M,B,AB,AA,AA
807-21,M,B,AB,AB,AB
807-22,F,B,AB,AB,AB
807-23,F,B,AB,AB,AA
807-24,F,B,AB,AA,AA
807-25,M,B,AB,AA,AA
807-26,M,B,AA,AB,AB
807-3,M,B,AB,AA,AB
807-4,M,B,AB,AB,AB
807-5,F,B,AB,AA,AB
807-6,F,B,AA,AA,AA
807-7,M,B,AA,AA,AB
807-8,F,B,AA,AA,AA
807-9,M,B,AB,AA,AA
808-1,F,B,AB,AB,AB
808-10,F,B,AB,AA,AB
808-11,M,B,AB,AB,AB
808-14,M,B,AA,AB,AB
808-16,F,B,AA,AA,AB
808-17,F,B,AA,AA,AA
808-18,M,B,AA,AB,AB
808-2,M,B,AB,AB,AB
808-3,F,B,AB,AB,AB
808-4,F,B,AA,AB,AB
808-5,M,B,AB,AB,AA
808-6,F,B,AB,AA,AB
808-7,F,B,AA,AB,AA
808-8,M,B,AA,AA,AB
808-9,F,B,AA,AA,AA
809-1,F,B,AB,AB,AA
809-10,M,B,AB,AB,AB
809-11,M,B,AA,AB,AB
809-12,M,B,AB,AB,AA
809-13,M,B,AB,AB,AA
809-14,M,B,AA,AA,AB
809-15,M,B,AB,AB,AB
809-16,M,B,AA,AB,AB
809-17,F,B,AA,AA,AA
809-18,F,B,AA,AA,AA
809-19,M,B,AB,AB,AA
809-2,M,B,AA,AA,AB
809-20,M,B,AA,AB,AB
809-21,M,B,AB,AB,AB
809-23,M,B,AB,AA,AB
809-24,F,B,AB,AB,AB
809-25,F,B,AA,AB,AA
809-26,F,B,AB,AA,AA
809-28,F,B,AB,AB,AB
809-3,M,B,AA,AB,AB
809-5,F,B,AA,AA,AB
809-7,M,B,AA,AB,AB
809-8,M,B,AA,AA,AA
809-9,M,B,AB,AB,AA
